name,released,genres
Relive...,2022-04-19,[]
Versus: Battle of the Gladiator,2016-08-26,"['Indie', 'Action']"
Fighters Unleashed,2016-12-10,"['Indie', 'Adventure', 'Action']"
Pharaoh's Tomb,1990-12-14,"['Platformer', 'Action']"
Deadly Premonition: The Director's Cut,2013-04-30,"['Adventure', 'Action']"
Row Divers,2025-05-16,"['Casual', 'Strategy', 'Indie', 'Action']"
Orcs Must Die! Deathtrap,2025-01-28,"['Strategy', 'Indie', 'Action']"
LuckCatchers,2016-11-15,"['RPG', 'Strategy', 'Simulation', 'Indie', 'Massively Multiplayer']"
Carton,2016-10-02,"['Adventure', 'Action', 'RPG', 'Strategy', 'Indie']"
IL-2 Sturmovik: Battle of Stalingrad,2014-09-23,['Simulation']
Legion Tale,,"['Strategy', 'Indie']"
The Spirit and the Mouse,2022-09-26,"['Indie', 'Adventure', 'Puzzle']"
SickBrick,2015-01-30,"['Indie', 'Adventure', 'Action']"
The Rule of Land: Pioneers,,"['Strategy', 'Indie', 'RPG', 'Simulation']"
The Town of Light,2016-02-25,"['Indie', 'Adventure']"
Contraband Police: Prologue,2020-10-15,"['Action', 'Simulation']"
Beerman,2016-08-03,"['Indie', 'Adventure', 'Action']"
One Tower,2016-11-10,['Strategy']
Murder,2015-10-21,"['Indie', 'Adventure']"
Energia,2017-02-27,"['Casual', 'Strategy', 'Indie', 'Action']"
Sanctum,2011-04-15,"['Shooter', 'Action', 'Casual', 'Strategy', 'Indie']"
Battle Grid,2023-06-07,[]
Nauticrawl,2019-09-16,"['Indie', 'Simulation', 'Puzzle']"
Brutal Orchestra,2021-12-16,"['Adventure', 'Action', 'RPG', 'Casual', 'Strategy', 'Indie']"
Spirit Hunters: Infinite Horde,2022-05-25,['Action']
Patch Quest,2021-05-07,"['Indie', 'Adventure', 'Action']"
Minishoot' Adventures,2024-04-02,"['Casual', 'Adventure', 'Action', 'RPG']"
Girls of The Tower,2024-02-23,"['Indie', 'Strategy', 'Adventure']"
Chaos Combat Chess,2020-07-15,"['Strategy', 'Indie', 'Action']"
"Warhammer 40,000: Boltgun",2023-05-22,"['Indie', 'Action']"
The Amazing Spider-Man 2,2014-04-17,"['Adventure', 'Action']"
THE KING OF FIGHTERS 2002 UNLIMITED MATCH,2010-11-17,"['Action', 'Fighting']"
Jimmy and the Pulsating Mass,2018-08-07,"['Indie', 'RPG']"
Pixel Puzzles 2: Anime,2015-03-27,"['Action', 'Casual', 'Strategy', 'Simulation', 'Indie']"
I live under your house.,2022-10-31,"['Indie', 'Adventure', 'RPG']"
NOSTOS,2020-12-04,"['Adventure', 'RPG', 'Simulation', 'Indie', 'Massively Multiplayer']"
rFactor,2005-08-30,"['Racing', 'Simulation', 'Sports']"
Death's Gambit: Afterlife,2021-09-30,"['Platformer', 'Action']"
Goobies (itch),2021-10-23,['Adventure']
Half-Life Deathmatch: Source,2006-05-01,['Action']
MSI Electric City,2016-08-09,"['Casual', 'Indie', 'Adventure', 'Simulation']"
112 Operator,2020-10-08,"['Strategy', 'Indie', 'Simulation']"
Rooftops & Alleys: The Parkour Game,2024-05-21,"['Indie', 'Simulation', 'Sports']"
Super Blood Hockey,2017-08-17,"['Indie', 'Sports']"
American Conquest: Fight Back,2011-08-26,['Strategy']
HIBIKAKEYIRONOKISEKI / 裂色的奇迹,2017-12-14,"['Indie', 'Adventure', 'RPG']"
三国志.国战版,2024-01-09,"['Casual', 'Strategy', 'Massively Multiplayer', 'RPG']"
Hollowbody,2024-09-12,"['Indie', 'Adventure']"
TaleSpire,2021-04-14,"['Indie', 'RPG', 'Simulation']"
Clash,1998-06-29,"['Strategy', 'Indie', 'Action']"
The Elephant Collection,2023-11-06,"['Adventure', 'Action']"
Comedy Night,2017-08-24,"['Casual', 'Indie', 'Simulation']"
Karate Master 2 Knock Down Blow,2015-03-20,"['Indie', 'Action', 'RPG', 'Sports']"
The Stillness of the Wind,2019-02-06,"['Indie', 'Adventure']"
LaserCat,2016-12-08,"['Casual', 'Indie', 'Adventure']"
Alone....,,[]
Laundry Store Simulator,2024-12-09,"['Indie', 'Simulation']"
Mountain Crime: Requital,2013-05-28,"['Casual', 'Adventure']"
F.E.A.R. Online,2014-10-17,"['Shooter', 'Action']"
Crypt of the NecroDancer,2015-04-22,"['Indie', 'Action', 'RPG']"
Solargene,2022-01-31,"['Strategy', 'Indie', 'Simulation']"
Quake Champions,2017-08-22,"['Shooter', 'Action']"
Dr. Frank's Build a Boyfriend,2016-08-06,"['Indie', 'Simulation', 'Puzzle']"
Noch,2023-09-30,"['Massively Multiplayer', 'Adventure', 'Action', 'Indie']"
Foreign Legion: Buckets of Blood,2009-08-04,"['Indie', 'Action']"
Glass Masquerade 3: Honeylines,2023-05-30,"['Casual', 'Indie']"
Vagrus - The Riven Realms,2021-10-05,"['Strategy', 'Indie', 'RPG']"
Road 96: Mile 0,2023-04-03,['Adventure']
Mystery Chronicle: One Way Heroics,2016-09-12,['RPG']
Bunker Punks,2016-03-30,"['Indie', 'Action']"
Burnout Paradise Remastered,2018-03-16,"['Racing', 'Arcade']"
Knights of Honor,2004-09-29,['Strategy']
Izeriya,2016-04-28,"['Indie', 'Adventure', 'Action']"
Everlasting Summer,2013-12-12,['Indie']
Save Room - The Merchant,2023-07-14,"['Casual', 'Indie']"
Dream Ending,2019-07-22,"['Casual', 'Indie', 'Adventure']"
Creatures Docking Station,2021-12-07,"['Casual', 'Simulation']"
Steep,2016-12-02,"['Action', 'Simulation', 'Sports']"
UnReal World,2016-02-26,"['RPG', 'Casual', 'Strategy', 'Simulation', 'Indie']"
Cradle of Nightmare: Flowers to you,2025-02-14,"['Adventure', 'RPG']"
Call of Duty,2003-10-29,['Shooter']
GUNDAM BREAKER 4,,"['Action', 'RPG']"
Duet,2015-08-03,"['Casual', 'Indie', 'Adventure', 'Action']"
Factory Town Idle,2023-04-20,"['Casual', 'Indie', 'Simulation']"
Five Nights at Freddy's 2,2014-11-10,"['Strategy', 'Indie', 'Simulation']"
Dynamite Alex,2016-09-08,"['Indie', 'Action']"
Life is Strange: True Colors,2021-09-10,"['Adventure', 'Action']"
Xenoraid: The First Space War,2016-09-30,"['Indie', 'Action']"
detached.,2022-05-02,[]
NASCAR Heat 3,2018-09-07,['Racing']
Small Radios Big Televisions,2016-11-08,"['Indie', 'Adventure', 'Puzzle']"
Blood West,2023-12-05,"['Shooter', 'Action']"
LOGistICAL: Italy,2017-08-19,"['Casual', 'Strategy']"
Supercar Collection Simulator,2025-04-14,"['Casual', 'Racing', 'Indie', 'Simulation']"
Warrior Kings,2002-04-12,['Strategy']
Warhammer Quest 2: The End Times,2019-01-29,"['Strategy', 'Adventure']"
Madden NFL 23,2022-08-16,"['Simulation', 'Sports']"
Sid Meier's Alpha Centauri Planetary Pack,1999-02-12,['Strategy']
App Game Kit: Easy Game Development,2014-11-21,['Educational']
MELTY BLOOD: TYPE LUMINA,2021-09-29,"['Action', 'Fighting']"
Ame no Marginal -Rain Marginal,2015-07-07,['Indie']
Dungeons: The Eye of Draconus,2014-08-11,"['Casual', 'Indie', 'Adventure', 'Action']"
Astrometica,2024-12-10,"['Indie', 'Adventure']"
I Wani Hug that Gator!,2024-02-14,"['Casual', 'Indie']"
Far Cry 4,2014-11-18,['Shooter']
Overgrowth,2017-10-16,"['Indie', 'Action']"
XING: The Land Beyond,2017-09-18,"['Indie', 'Adventure']"
Red Dead Redemption,2010-05-18,"['Shooter', 'Action']"
Zuma Deluxe,2004-04-15,"['Casual', 'Puzzle']"
Resident Evil Re:Verse,2022-10-28,"['Shooter', 'Action']"
Tainted Grail: The Fall of Avalon,2025-05-23,"['Indie', 'Adventure', 'Action', 'RPG']"
A Date with Death (itch),2021-03-01,['Action']
Dishonored 2,2016-11-10,"['Action', 'RPG']"
Dungeon-Party,2013-03-13,['Massively Multiplayer']
Heckabomb,2015-02-27,"['Indie', 'Action']"
Scribblenauts Unlimited,2012-11-13,"['Casual', 'Strategy', 'Adventure', 'Puzzle']"
Drake of the 99 Dragons,2003-11-02,"['Shooter', 'Action']"
Snik,2015-09-04,"['Casual', 'Indie']"
Racket: Nx,2017-01-31,"['Indie', 'Action', 'Sports']"
Sakura Agent,2017-01-27,"['Casual', 'Indie', 'Adventure']"
Ship Graveyard Simulator 2: Prologue,2023-04-26,"['Adventure', 'Action', 'Casual', 'Simulation', 'Indie']"
Press X to Not Die,2015-10-09,"['Indie', 'Action']"
Bloop Reloaded,2015-02-06,"['Casual', 'Indie', 'Simulation']"
Resident Evil Revelations,2012-02-07,"['Adventure', 'Action']"
Marble World,2021-05-07,"['Casual', 'Racing', 'Indie', 'Simulation']"
Resident Evil 0 / Biohazard 0 HD REMASTER,2016-01-18,"['Adventure', 'Action']"
My Lands: Black Gem Hunting,2014-09-16,"['Casual', 'Indie', 'Strategy', 'Massively Multiplayer']"
Journey of a Roach,2013-10-04,"['Indie', 'Adventure', 'Puzzle']"
Sparkle 2 Evo,2011-11-29,"['Action', 'Casual', 'Arcade', 'Simulation', 'Family', 'Indie']"
Sam & Max Hit the Road,1993-12-01,['Adventure']
BlazBlue: Cross Tag Battle,2018-05-31,"['Action', 'Fighting']"
FaceRig,2015-07-07,['Casual']
Navy Field 2: Conqueror of the Ocean,2015-03-05,"['Action', 'RPG', 'Strategy', 'Simulation', 'Massively Multiplayer']"
Tropico 5,2014-05-22,"['Strategy', 'RPG', 'Simulation']"
Z Steel Soldiers,2014-07-30,['Strategy']
👑 Idle Calibur 👑（选王之剑）,2022-01-15,['Strategy']
UFO Online: Invasion,2016-06-08,"['Massively Multiplayer', 'RPG']"
"UNCORPOREAL - ""Fluffy!""",2016-07-20,['Indie']
T.E.C. 3001,2014-04-10,"['Racing', 'Indie', 'Action']"
英雄群侠传II,2019-07-16,"['Indie', 'Strategy', 'Adventure', 'RPG']"
Black Survival: Eternal Return,2023-07-20,"['Strategy', 'Indie']"
Block N Load,2015-04-30,"['Strategy', 'Massively Multiplayer', 'Action']"
Battlestations: Pacific,2009-05-12,"['Strategy', 'Action', 'Simulation']"
Iron Warriors: T - 72 Tank Command,2006-07-16,['Strategy']
Space Moth DX,2016-01-22,"['Indie', 'Action']"
OlliOlli2: Welcome to Olliwood,2015-03-03,"['Platformer', 'Indie', 'Action', 'Sports']"
"Warhammer 40,000: Dawn of War",2004-09-20,['Strategy']
Age of Gladiators,2016-02-25,"['RPG', 'Casual', 'Strategy', 'Simulation', 'Sports', 'Indie']"
Paint it Back,2013-10-17,"['Casual', 'Family', 'Puzzle']"
Kung Fu Grand King,2022-04-08,"['Indie', 'Action', 'RPG']"
Star Wars Bounty Hunter,2002-11-19,"['Shooter', 'Adventure', 'Action']"
Hybrid Wars,2016-09-28,"['Shooter', 'Action']"
Lethal League,2014-08-27,"['Indie', 'Action', 'Sports']"
The Beast Inside,2019-10-16,"['Indie', 'Adventure', 'Action']"
The Elder Scrolls V: Skyrim,2011-11-11,"['Action', 'RPG']"
Chants of Sennaar,2023-09-04,"['Indie', 'Adventure', 'Puzzle']"
SAELIG,2017-06-30,"['Strategy', 'Indie', 'RPG', 'Simulation']"
NAIRI: Tower of Shirin,2018-11-29,"['Indie', 'Adventure']"
Escape Dead Island,2014-11-18,"['Adventure', 'Action']"
Naval Action,2016-01-21,"['Adventure', 'Action', 'Strategy', 'Simulation', 'Indie', 'Massively Multiplayer']"
Nancy Drew: Legend of the Crystal Skull,2007-10-08,['Adventure']
Princess Maker 5,2007-03-03,['Simulation']
Warfare Online,2017-02-07,"['Indie', 'Strategy', 'Massively Multiplayer']"
The Last Faith,2023-11-15,"['Indie', 'Platformer', 'Adventure', 'Action']"
Wolfenstein: The New Order,2014-05-19,"['Shooter', 'Action']"
Skyward Collapse,2013-05-23,"['Strategy', 'Indie', 'Simulation']"
Aragami 2,2021-09-17,"['Shooter', 'Adventure', 'Action']"
Lion Quest,2016-07-11,"['Indie', 'Adventure', 'Action']"
Final Fantasy VII Rebirth,2024-02-29,"['Adventure', 'Action', 'RPG']"
Get To Work (itch),2016-08-08,['Adventure']
Brigandine: The Legend of Runersia,2020-06-25,"['Strategy', 'RPG']"
Mushrooms (itch),2018-05-26,['Strategy']
Fallout 4 VR,2017-12-12,['RPG']
Eternal Card Game,2016-11-18,"['Casual', 'Card', 'Strategy', 'Massively Multiplayer']"
Car Mechanic Simulator 2021,2021-08-11,"['Racing', 'Indie', 'Simulation']"
Astral Heroes,2016-10-20,"['Strategy', 'Indie']"
Slap The Fly,2016-11-02,"['Indie', 'Simulation']"
Skul: The Hero Slayer,2021-01-21,"['Indie', 'Action']"
Claire,2014-01-22,"['Indie', 'Adventure', 'Action', 'Simulation']"
OVER‧DeviL: Legend of the sacred stone,2023-10-12,"['Indie', 'Adventure', 'RPG']"
Angels Fall First,2015-10-01,"['Action', 'Simulation']"
Little hidden city,2018-02-28,"['Casual', 'Indie']"
Tales of Kenzera: ZAU,2024-04-23,"['Indie', 'Adventure', 'Action']"
Transmissions: Element 120,2016-06-16,"['Indie', 'Action']"
Blackbay Asylum,2014-08-01,"['Indie', 'Adventure']"
INVITATION To FEAR,2021-11-24,"['Indie', 'Action']"
Awkward Dimensions Redux,2016-10-21,"['Indie', 'Adventure']"
Youtubers Life 2,2021-10-19,"['Adventure', 'Casual', 'Strategy', 'Simulation', 'Indie']"
Eternal Dread 3,2023-03-10,"['Indie', 'Adventure', 'Action', 'RPG']"
Evil West,2022-11-21,"['Adventure', 'Action', 'RPG']"
Territory: Farming and Fighting,2023-01-11,"['Strategy', 'Indie', 'Simulation']"
Scoot,2020-11-23,"['Indie', 'Action', 'Simulation', 'Sports']"
Explorer of Yggdrasil,2021-03-12,"['Indie', 'Adventure', 'RPG']"
Crazy Machines,2008-12-12,"['Casual', 'Strategy', 'Puzzle']"
Megadimension Neptunia VII,2015-04-23,"['Strategy', 'RPG']"
Plane Mechanic Simulator,2019-02-12,"['Indie', 'Simulation']"
Stilt Fella,2015-04-13,"['Indie', 'Simulation', 'Sports']"
Squishy the Suicidal Pig,2014-10-23,"['Indie', 'Adventure']"
Dandara,2018-02-06,"['Indie', 'Platformer', 'Adventure', 'Action']"
Razor2: Hidden Skies,2010-07-19,"['Casual', 'Indie', 'Action']"
MetaPhysical,2021-10-28,"['Indie', 'Adventure', 'Action']"
InfraSpace,2021-10-14,"['Strategy', 'Indie', 'Simulation']"
Don't Be Afraid,2020-12-16,['Indie']
Clown House (Palyaço Evi),2015-08-24,"['Indie', 'Action']"
GoD Factory: Wingmen,2014-08-29,"['Strategy', 'Indie', 'Action', 'Simulation']"
VVVVVV,2010-01-09,"['Adventure', 'Action', 'Puzzle', 'Casual', 'Arcade', 'Indie', 'Platformer']"
Walkabout Mini Golf VR,2021-07-15,"['Casual', 'Indie', 'Sports']"
Sunrider: Liberation Day - Captain's Edition,2016-03-04,"['Strategy', 'Indie', 'RPG', 'Simulation']"
Deep Space Battle Simulator,2019-08-02,"['Strategy', 'Indie', 'Action']"
NBA 2K22,2021-09-10,"['Simulation', 'Sports']"
Hyperdimension Neptunia Re ; Birth3 V Generation,2014-12-18,"['Strategy', 'RPG']"
Pony Island,2016-01-04,"['Arcade', 'Indie', 'Adventure', 'Puzzle']"
Orake Classic,2016-08-13,['RPG']
AquaNox 2: Revelation,2003-08-18,"['Shooter', 'Action']"
Legend of Dungeon: Masters,2015-11-30,"['Casual', 'Indie', 'Massively Multiplayer', 'RPG']"
Injustice: Gods Among Us Ultimate Edition,2013-11-12,"['Arcade', 'Action', 'Fighting']"
Devil May Cry 3: Dante's Awakening Special Edition,2006-01-24,"['Adventure', 'Action']"
Fursan al-Aqsa: The Knights of the Al-Aqsa Mosque,2022-04-18,"['Indie', 'Strategy', 'Adventure', 'Action']"
Hellbound: Survival Mode,2018-05-09,"['Indie', 'Action']"
The Fifth Day,2014-07-25,"['Indie', 'Adventure', 'Action']"
Clones,2010-11-18,"['Adventure', 'RPG', 'Casual', 'Strategy', 'Indie']"
Diaries of a Spaceport Janitor,2016-09-16,"['Adventure', 'RPG', 'Casual', 'Simulation', 'Indie']"
Delta Force: Xtreme 2,2009-05-28,"['Shooter', 'Action']"
Gladiabots,2016-04-20,"['Strategy', 'Indie', 'Educational', 'Simulation']"
Worms Armageddon,1999-01-25,['Strategy']
Tank Team (itch),,['Action']
Wordle 4,2020-12-09,"['Casual', 'Indie', 'Simulation', 'Sports']"
東周列萌志 Philosophic Love,2018-08-17,"['Casual', 'Indie']"
Disgaea 2 PC,2017-01-30,"['Strategy', 'RPG']"
Legend of Grimrock 2,2014-10-14,"['Indie', 'Adventure', 'RPG']"
Savage Lands,2015-03-05,"['Indie', 'Adventure', 'Action', 'Simulation']"
Goat Simulator,2014-04-01,"['Casual', 'Indie', 'Action', 'Simulation']"
Patrick's Parabox,2022-03-29,"['Casual', 'Strategy', 'Indie', 'Puzzle']"
Bee Island (itch),2020-06-19,"['Adventure', 'RPG', 'Simulation']"
Risen Kingdom,2020-02-28,"['Strategy', 'Indie']"
Arcanium: Rise of Akhan,2022-01-18,"['Card', 'RPG']"
荒岛求生-神秘岛,2020-02-28,"['Strategy', 'Adventure']"
Serious Sam Classics: Revolution,2014-04-30,"['Indie', 'Action']"
富豪派对,2023-08-14,"['Casual', 'Strategy', 'Indie']"
There Is No Game: Jam Edition 2015,2020-03-18,"['Casual', 'Indie', 'Adventure']"
Frog Detective 3: Corruption at Cowboy County,2022-10-26,"['Casual', 'Indie', 'Adventure']"
Rebel Cops,2019-09-17,"['Strategy', 'RPG']"
Broken Sword 4 - The Angel of Death,2006-09-15,['Adventure']
Golf Around!,2019-11-20,"['Casual', 'Indie', 'Simulation', 'Sports']"
Leisure Suit Larry - Wet Dreams Don't Dry,2018-11-07,['Adventure']
Pikuniku,2019-01-03,"['Adventure', 'Action', 'Casual', 'Indie', 'Platformer']"
Wars of Napoleon,2016-05-06,['Strategy']
Dragon Lords 3D,2017-07-24,"['Strategy', 'Massively Multiplayer']"
TowerFall Ascension,2013-06-25,"['Platformer', 'Indie', 'Action']"
Wild Terra 2: New Lands,2021-01-29,"['Indie', 'Massively Multiplayer', 'Action', 'RPG']"
Monument Builders - Alcatraz,2014-10-24,['Casual']
A Tower Full of Cats,2024-05-20,"['Casual', 'Adventure']"
Outrage,2016-04-06,"['Indie', 'Adventure', 'RPG']"
Land Above Sea Below Prologue,2023-07-17,"['Adventure', 'Casual', 'Strategy', 'Simulation', 'Indie']"
The Legend of Heroes: Trails of Cold Steel,2013-09-26,['RPG']
Samantha Swift and the Hidden Roses of Athena,2008-10-08,['Casual']
MMORPG Tycoon 2,,"['Strategy', 'Indie', 'Simulation']"
Bloodstained: Curse of the Moon,2018-05-24,['Action']
Wallpaper Engine,2016-10-10,['Casual']
The Walking Dead: Saints & Sinners - Chapter 2: Retribution,2023-03-21,"['Adventure', 'Action', 'RPG']"
Arzette: The Jewel of Faramore,2024-02-13,"['Adventure', 'Action']"
Astrologaster,2019-05-02,"['Adventure', 'Puzzle', 'Casual', 'Strategy', 'Indie']"
Escape First,2018-05-10,"['Casual', 'Indie', 'Adventure']"
Hotline Miami,2012-10-22,"['Indie', 'Shooter', 'Arcade', 'Action']"
theBlu,2016-04-05,"['Casual', 'Indie', 'Adventure', 'Simulation']"
Machina of the Planet Tree -Planet Ruler,2015-07-28,"['Indie', 'RPG']"
DEFCON,2006-09-28,"['Strategy', 'Indie']"
Treasure Hunter Simulator,2018-12-06,"['Indie', 'Simulation']"
Zen Bound 2,2010-04-01,"['Casual', 'Indie', 'Family', 'Puzzle']"
Card Survival: Fantasy Forest,2025-02-28,"['Adventure', 'RPG', 'Strategy', 'Simulation', 'Indie']"
Prodeus,2022-09-23,"['Indie', 'Adventure', 'Action']"
Blightbound,2021-07-27,"['Indie', 'Adventure', 'Action', 'RPG']"
Escape The Mad Empire,2025-04-22,"['Strategy', 'Indie', 'RPG']"
Diesel Brothers: The Game,,['Simulation']
Sphinx and the Cursed Mummy (2003),2003-11-10,[]
Hover: Revolt Of Gamers,2015-04-06,"['Racing', 'Adventure', 'Action', 'Indie']"
LEGO 2K Drive,2023-05-18,"['Racing', 'Arcade']"
The Apotheosis Project,2015-07-10,"['Indie', 'Adventure']"
Fingerbones,2014-03-22,"['Indie', 'Adventure']"
Project RTD: Random Tower Defense PvP,2020-02-17,"['Strategy', 'Simulation']"
Devoid of Shadows,2017-07-13,"['Indie', 'Action', 'RPG']"
Never Mourn,2024-05-13,"['Indie', 'Adventure', 'Action', 'RPG']"
Depths of Fear :: Knossos,2014-04-04,"['Indie', 'Adventure', 'Action']"
Shredders,2022-03-17,"['Action', 'Simulation', 'Sports']"
Garage,2018-05-01,"['Indie', 'Action']"
Moss: Book II,2022-03-31,"['Adventure', 'Action']"
That Time I Got Reincarnated as an Orc,2021-07-23,"['Adventure', 'RPG']"
F1 2014,2014-10-02,"['Racing', 'Sports']"
Dusk 12,2014-08-22,['Action']
Mage & Monsters,2023-01-05,[]
One Piece Odyssey,2023-01-13,"['Action', 'RPG']"
ЕСТЬ ДВА СТУЛА,2018-06-19,['Simulation']
My Hero One’s Justice,2018-10-26,"['Action', 'Fighting']"
Nanotale - Typing Chronicles,2021-03-31,"['Indie', 'Adventure', 'RPG']"
Toilet Simulator,2018-11-16,['Simulation']
Total War: ATTILA,2015-02-16,['Strategy']
Shiftlings,2015-03-03,"['Adventure', 'Action']"
Furi,2016-07-04,"['Arcade', 'Action']"
Francisca,2016-07-26,"['Casual', 'Indie', 'Adventure', 'Action']"
Asteria,2014-07-03,"['Indie', 'Adventure', 'Action']"
Those Who Rule,2025-01-27,"['Strategy', 'Indie', 'RPG']"
Road to Eden,,"['Indie', 'Adventure', 'Action', 'Simulation']"
News Tower,2024-02-13,"['Strategy', 'Simulation']"
Crossout,2017-05-30,"['Racing', 'Massively Multiplayer', 'Action', 'Simulation']"
ELEX,2017-10-17,"['Adventure', 'Action', 'RPG']"
Ultra Street Fighter IV,2014-06-03,"['Action', 'Fighting']"
Angel-Demon,2020-05-18,['Action']
Cyber Manhunt 2: New World,2024-05-09,"['Indie', 'RPG', 'Simulation']"
JudgeSim,2024-07-16,"['Casual', 'Strategy', 'Indie', 'Simulation']"
Nidhogg 2,2017-08-15,"['Casual', 'Indie', 'Action', 'Fighting']"
KUBOOM,2016-10-07,"['Indie', 'Adventure', 'Action']"
Project Hospital,2018-10-29,"['Strategy', 'Indie', 'Simulation']"
BlackShot: Mercenary Warfare FPS,2016-05-31,"['Casual', 'Action']"
MUSYNX,2015-06-24,['Arcade']
Sword of the Stars II: Enhanced Edition,2012-11-30,['Strategy']
Magic: The Gathering - Duels of the Planeswalkers 2013,2012-06-19,['Strategy']
Tactical Monsters Rumble Arena,2017-11-09,"['Strategy', 'Puzzle']"
March of Empires,2015-08-13,"['Strategy', 'Massively Multiplayer', 'RPG']"
The Chosen RPG,2016-02-04,"['Racing', 'Adventure', 'Action', 'RPG', 'Casual', 'Strategy', 'Simulation', 'Sports', 'Indie']"
Blueprint Tycoon,2016-05-13,"['Casual', 'Indie', 'Simulation']"
候鸟,2023-01-11,['Adventure']
Superscout,2024-07-18,"['Adventure', 'RPG', 'Casual', 'Strategy', 'Simulation', 'Indie']"
Spy Chameleon - RGB Agent,2014-06-11,"['Indie', 'Puzzle']"
This Bed We Made,2023-11-01,"['Indie', 'Adventure']"
Guards,2016-08-19,"['Indie', 'Strategy', 'Adventure', 'Puzzle']"
Weable,2017-08-21,"['Casual', 'Indie', 'Action']"
Mafia II: Definitive Edition,2020-05-19,"['Adventure', 'Action']"
Piwall,2018-01-16,"['Casual', 'Indie', 'Simulation']"
Monster Train 2,2025-05-21,"['Strategy', 'Indie']"
World of Goo,2008-10-13,"['Educational', 'Puzzle', 'Strategy', 'Indie', 'Family']"
Spoko and Poko,2015-05-11,"['Adventure', 'Action', 'RPG', 'Casual', 'Indie']"
Arcana Heart 3 LOVEMAX SIXSTARS!!!!!!,,['Action']
Milk Bottle And Monster Girl,2022-01-13,"['Casual', 'Indie']"
Slash It 2,2017-01-24,"['Casual', 'Indie', 'Action']"
Stranded,2014-05-20,"['Indie', 'Strategy', 'Adventure', 'Action']"
PWND,2017-07-20,['Action']
War Planet Online: Global Conquest,2017-11-30,['Strategy']
Sonic Forces,2017-11-07,"['Platformer', 'Adventure', 'Action']"
Artificial Defense,2016-06-01,"['Strategy', 'Indie', 'Action']"
Birthdays the Beginning,2017-05-09,"['Strategy', 'Simulation']"
Zup! F,2019-12-11,"['Casual', 'Indie', 'Puzzle']"
The last Starship (itch),2020-05-25,['Shooter']
Yar's Revenge,2011-03-30,"['Adventure', 'Action']"
Lost Planet: Extreme Condition Colonies Edition,2008-05-28,"['Shooter', 'Adventure', 'Action']"
PHAT STACKS,2016-11-29,"['Casual', 'Indie', 'Action']"
Putrefaction 2: Void Walker,2017-01-19,"['Shooter', 'Indie', 'Action']"
Galactic Civilizations III,2015-05-13,"['Strategy', 'Indie', 'Simulation']"
Feed the Deep,2024-08-16,"['Indie', 'Adventure']"
The Charnel House Trilogy,2015-04-16,"['Indie', 'Adventure']"
Frozenheim,2021-05-20,['Strategy']
Grey Goo,2015-01-23,['Strategy']
Dead Hungry Diner,2012-04-23,"['Casual', 'Indie']"
Maize,2016-11-30,"['Adventure', 'Action', 'RPG', 'Casual', 'Strategy', 'Indie']"
Nioh: Complete Edition,2017-11-07,"['Action', 'RPG']"
Night Shift Nurses,2024-12-16,['Adventure']
Family Mysteries: Poisonous Promises,2020-03-26,"['Casual', 'Adventure', 'Puzzle']"
Steel Armor: Blaze of War,2015-03-05,"['Strategy', 'Simulation']"
Hack RUN,2011-04-07,"['Strategy', 'Adventure', 'Simulation', 'Puzzle']"
Exit From,,['Indie']
King's Bounty: Dark Side,2014-08-14,"['Strategy', 'Adventure', 'RPG']"
The Dead End,2022-05-13,"['Adventure', 'Action', 'RPG']"
Castle of no Escape 2,2016-12-21,"['Indie', 'Action', 'RPG']"
Another Sight - Hodge's Journey,,"['Indie', 'Adventure', 'Action']"
Mirror 2: Project X,2022-01-20,"['Indie', 'Adventure', 'RPG']"
Creeper World 2: Anniversary Edition,2016-11-16,"['Strategy', 'Indie', 'Simulation']"
Hard West,2015-11-17,"['Indie', 'Strategy', 'Adventure', 'RPG']"
DUNGEONS,2011-02-04,"['Strategy', 'RPG']"
Pharaonic,2016-04-27,"['Indie', 'Adventure', 'Action', 'RPG']"
White Noise 2,2016-10-27,"['Indie', 'Strategy', 'Adventure', 'Action']"
Estate Agent Simulator,2023-11-13,"['Indie', 'Simulation']"
Police Simulator: Patrol Officers,2021-06-17,['Simulation']
Flix The Flea,2015-06-01,"['Indie', 'Action']"
Soccer Manager 2022,2021-10-07,"['Simulation', 'Sports']"
If Found...,2020-05-18,"['Casual', 'Indie', 'Adventure']"
ThrounnelVR,2016-09-15,"['Casual', 'Indie']"
SquareCells,2015-12-07,"['Casual', 'Indie']"
A Game of Dwarves,2012-10-23,"['Casual', 'Strategy']"
Sanctum 2,2013-05-15,"['Indie', 'Shooter', 'Strategy', 'Action']"
RPG Tycoon,2016-02-12,"['Adventure', 'RPG', 'Strategy', 'Simulation', 'Indie']"
Sky Haven Tycoon - Airport Simulator,2022-11-19,[]
Time of Dragons,2016-02-01,"['Indie', 'Massively Multiplayer', 'Action', 'Simulation']"
Pix the Cat,2014-10-07,"['Indie', 'Arcade', 'Action']"
TeraBlaster,2015-07-10,"['Casual', 'Indie', 'Action']"
Chronostorm: Siberian Border,2009-04-02,['Strategy']
变量,2019-05-31,"['Casual', 'Strategy', 'Indie']"
Shotgun Farmers,2017-05-19,"['Shooter', 'Indie', 'Action']"
Aerofly FS 4 Flight Simulator,2022-07-04,"['Racing', 'Indie', 'Action', 'Simulation']"
Galaxy on Fire 2 Full HD,2011-08-25,"['Strategy', 'Adventure', 'RPG']"
Dungeon of Elements,2014-06-12,"['Adventure', 'RPG', 'Casual', 'Strategy', 'Indie']"
Soccer Manager 2016,2015-10-07,"['Strategy', 'Indie', 'Sports']"
Bloons Adventure Time TD,2018-08-29,"['Strategy', 'Action']"
SWORN,2025-02-06,"['Adventure', 'Action', 'RPG', 'Casual', 'Indie']"
Hitman: Codename 47,2000-11-19,"['Shooter', 'Action']"
Age of Wonders: Planetfall,2019-08-05,['Strategy']
Marvel Puzzle Quest,2013-10-03,"['Casual', 'RPG', 'Puzzle']"
Papo & Yo,2012-08-14,"['Indie', 'Adventure', 'Action', 'Puzzle']"
The Walking Dead: The Telltale Definitive Series,2019-09-10,['Adventure']
Airport Madness 4,2014-03-06,"['Adventure', 'Simulation']"
Love Is All Around (itch),2020-04-15,['Action']
Utawarerumono: Prelude to the Fallen (Remastered),2020-04-26,"['Strategy', 'Adventure', 'RPG', 'Simulation']"
Panzer Strategy,2018-03-05,"['Strategy', 'Indie']"
Bopl Battle,2023-11-16,['Action']
Zombie Cure Lab,2022-12-07,"['Strategy', 'Simulation']"
Alan Wake,2010-05-14,"['Shooter', 'Adventure', 'Action']"
BattleBlock Theater,2013-04-03,"['Adventure', 'Action', 'Casual', 'Indie', 'Platformer']"
Eurofighter Typhoon,2014-05-02,['Action']
Hospital 666,2024-03-05,"['Indie', 'Adventure', 'Action']"
Hentai Shooter 3D,2018-09-01,['Action']
Xenobox VR,2017-07-01,"['Indie', 'Action']"
Blackthorn Arena: Reforged,2024-11-02,"['Strategy', 'Simulation']"
Eight Mini Racers,2016-01-12,"['Casual', 'Racing']"
Elite Dangerous,2015-04-02,"['Adventure', 'Action', 'RPG', 'Simulation', 'Massively Multiplayer']"
Live the Life,2020-09-16,"['Strategy', 'Indie', 'RPG', 'Simulation']"
True Bliss,2015-05-22,"['Casual', 'Indie']"
Masky,2016-10-19,"['Casual', 'Indie', 'Arcade', 'Action']"
Rogue: Genesia,2022-09-19,"['Casual', 'Strategy', 'Action', 'RPG']"
Chernobylite,2021-07-28,"['Adventure', 'Action', 'RPG', 'Simulation', 'Indie']"
GASP,2016-01-19,"['Action', 'Casual', 'Strategy', 'Simulation', 'Indie']"
Stronghold 3 Gold,2012-05-25,"['Strategy', 'Simulation']"
Fuser,2020-11-10,"['Casual', 'Family', 'Simulation']"
Time Wasters,2023-02-03,"['Shooter', 'Action', 'RPG', 'Casual', 'Indie']"
WitchSpring3 Re:Fine - The Story of Eirudy,2021-11-01,"['Casual', 'Indie', 'RPG']"
Virginia,2016-09-21,"['Casual', 'Indie', 'Adventure', 'Action']"
hololive ERROR,2022-09-15,['Adventure']
IACTURA,2016-08-25,"['Indie', 'Action']"
Happy Quest,2020-11-06,"['Casual', 'Indie', 'Strategy', 'Adventure']"
Elder Ring,2023-11-29,"['Indie', 'Adventure', 'RPG']"
The Uncertain: Last Quiet Day,2016-09-21,[]
Atelier Yumia: The Alchemist of Memories & the Envisioned Land,2025-03-20,"['Adventure', 'Action', 'RPG']"
Lux Delux,2015-05-01,"['Strategy', 'Indie']"
I hate this game,2019-03-07,['Indie']
Tower Dominion,2025-05-07,['Strategy']
Black Home,2015-08-07,"['Casual', 'Indie', 'Adventure', 'RPG']"
The Maw,2009-03-09,"['Indie', 'Adventure', 'Action']"
Burning Cars,2014-01-31,['Racing']
Face Noir,2012-12-14,"['Indie', 'Adventure']"
Cats in Time,2021-03-23,"['Casual', 'Indie', 'Adventure', 'Puzzle']"
Neon White,2022-06-16,"['Indie', 'Shooter', 'Adventure', 'Action']"
Legend Bowl,2019-02-03,"['Strategy', 'Indie', 'RPG', 'Sports']"
Naraka Bladepoint,2021-08-11,"['Massively Multiplayer', 'Adventure', 'Action', 'RPG']"
Majesty 2 Collection,2011-04-18,['Strategy']
Chillquarium,2023-09-06,['Casual']
Blood and Bacon,2016-02-01,"['Casual', 'Adventure', 'Action']"
Mortal Kombat 11: Aftermath,2020-05-26,"['Action', 'Fighting']"
Karos,2014-12-24,"['Massively Multiplayer', 'RPG']"
The Slimeking's Tower,2017-07-16,"['Indie', 'Adventure', 'Action', 'RPG']"
The Incredible Adventures of Van Helsing: Final Cut,2015-11-05,"['Indie', 'Adventure', 'Action', 'RPG']"
Chainsaw Warrior: Lords of the Night,2015-02-17,"['Adventure', 'Action', 'RPG', 'Strategy', 'Indie']"
Sniper: Ghost Warrior Contracts 2,2021-06-04,"['Shooter', 'Action']"
hexceed,2021-01-15,"['Casual', 'Indie']"
Skyforge,2017-04-11,"['Massively Multiplayer', 'RPG']"
Tennis World Tour,2018-05-22,"['Simulation', 'Sports']"
Data Hacker: Corruption,2014-10-22,"['Indie', 'Adventure', 'RPG', 'Simulation']"
Alien Rage - Unlimited,2013-09-24,"['Shooter', 'Action']"
BalanCity,2016-09-21,"['Casual', 'Strategy', 'Indie', 'Simulation']"
Seeking Dawn,2018-07-12,"['Indie', 'Adventure']"
Zombie Army Trilogy,2015-03-03,"['Shooter', 'Action']"
Etherlords II,2003-10-01,"['Indie', 'Strategy', 'Adventure', 'RPG']"
HELLDIVERS 2,2024-02-08,['Action']
Paladin's Oath,2022-03-02,"['Strategy', 'RPG']"
UFO: Afterlight,2007-03-15,"['Strategy', 'Indie']"
FPV Drone Simulator,2017-08-20,"['Racing', 'Simulation']"
Constructor,1997-11-29,"['Strategy', 'Simulation']"
Requiem: Rise of the Reaver,2015-03-04,"['Massively Multiplayer', 'RPG']"
Rhino's Rage,2016-03-04,"['Strategy', 'Indie', 'RPG']"
Double Dragon Trilogy,2013-12-05,"['Family', 'Arcade', 'Action', 'Fighting']"
Kaiju Wars,2022-04-28,"['Strategy', 'Indie']"
Market Tycoon,2017-05-11,"['Indie', 'RPG', 'Simulation']"
GRANDIA HD Remaster,2019-10-15,"['Adventure', 'RPG']"
Hero Plus,2017-12-28,['Massively Multiplayer']
The 39 Steps,2013-04-25,"['Casual', 'Indie', 'Adventure']"
Sunset Rangers,2016-11-28,"['Indie', 'Action', 'RPG']"
Sam & Max: The Devil's Playhouse - Episode 1: The Penal Zone,2010-04-15,"['Adventure', 'Action']"
Gems of the Aztecs,2016-04-22,['Casual']
Omno: Prologue,2020-09-11,"['Casual', 'Indie', 'Adventure', 'Action']"
Dead State: Reanimated,2014-12-03,"['Strategy', 'Indie', 'RPG']"
F1 Manager 2024,2024-07-23,"['Racing', 'Strategy', 'Simulation']"
Blood Knights,2013-06-26,"['Adventure', 'Action', 'RPG']"
Anonymous Hacker Simulator,2024-04-03,"['Indie', 'Simulation']"
Black Book,2021-08-10,"['Indie', 'Strategy', 'Adventure', 'RPG']"
Agatha Christie - Hercule Poirot: The First Cases,2021-09-27,['Adventure']
Torment: Tides of Numenera,2017-02-27,"['Indie', 'Strategy', 'Adventure', 'RPG']"
Cardaclysm: Shards of the Four,2020-07-28,"['Strategy', 'RPG']"
STAR WARS Jedi Knight - Mysteries of the Sith,1998-02-17,"['Shooter', 'Action']"
Extremely Realistic Siege Warfare Simulator,,"['Action', 'Casual', 'Strategy', 'Simulation', 'Indie']"
Royal Crown,,"['Casual', 'Strategy', 'Massively Multiplayer', 'Action']"
Tobe's Vertical Adventure,2011-07-18,"['Indie', 'Adventure', 'Action']"
Retrowave,2018-06-26,"['Racing', 'Action', 'Casual', 'Simulation', 'Sports', 'Indie']"
iBomber Defense,2010-11-17,"['Strategy', 'Indie', 'Action']"
Halo Wars: Definitive Edition,2017-04-20,['Strategy']
The UnderGarden,2010-11-10,"['Casual', 'Platformer', 'Adventure', 'Puzzle']"
Cell to Singularity - Evolution Never Ends,2018-12-04,"['Casual', 'Strategy', 'Educational', 'Simulation']"
Hentai Girl Linda,2018-12-06,"['Casual', 'Indie', 'RPG', 'Simulation']"
Defiance,2013-04-02,"['Shooter', 'Massively Multiplayer', 'Action', 'RPG']"
ARK: Survival Evolved,2015-06-02,"['Adventure', 'Action', 'RPG', 'Indie', 'Massively Multiplayer']"
Neptunia x Senran Kagura: Ninja Wars,2021-10-26,"['Action', 'RPG']"
The Fall of Lazarus,,"['Indie', 'Adventure']"
Warplanes: WW1 Fighters,2021-01-14,"['Action', 'Simulation']"
Neko Beach,2021-06-11,"['Casual', 'Indie']"
Broken Age,2014-01-28,"['Adventure', 'Puzzle', 'Casual', 'Family', 'Indie']"
Final Fantasy VII,2020-04-10,"['Adventure', 'Action', 'RPG']"
VRMultigames,2016-07-25,"['Casual', 'Indie', 'Action', 'Sports']"
Ludus (itch),2014-06-24,['Shooter']
Age of Darkness: Final Stand,2021-10-07,['Strategy']
Crime O'Clock,2023-07-20,"['Casual', 'Indie', 'Adventure']"
The Beatbox Soundpad,,[]
EVE Online,2003-05-06,"['Strategy', 'Massively Multiplayer', 'Action', 'RPG']"
Teddy Floppy Ear - Kayaking,2013-03-28,"['Casual', 'Indie', 'Educational', 'Adventure']"
Five Nights at Freddy's: Security Breach,2021-12-16,"['Indie', 'Adventure', 'Action']"
BlindFire (itch),2016-05-12,['Shooter']
Geometry Arena 几何竞技场,2020-04-08,"['Casual', 'Indie', 'Action']"
Orbo's Odyssey,2023-08-20,"['Adventure', 'Action']"
Laid-Back Camp - Virtual - Lake Motosu,2021-03-03,"['Casual', 'Adventure']"
Gray Dawn,2018-06-07,"['Indie', 'Adventure']"
The Matchless Kungfu,2023-08-29,"['Strategy', 'Indie', 'RPG']"
Max Payne 3,2012-05-15,"['Shooter', 'Action']"
R-Type Final 2,2021-04-30,"['Shooter', 'Action']"
Golden Treasure: The Great Green,,"['Indie', 'Adventure', 'RPG', 'Simulation']"
The Elder Scrolls V: Skyrim Special Edition,2016-10-27,"['Action', 'RPG']"
Lucius,2012-10-25,"['Indie', 'Adventure', 'Action']"
Balrum,2016-02-29,"['Indie', 'Strategy', 'Adventure', 'RPG']"
Call to Arms,2016-11-21,"['Strategy', 'Indie', 'Action', 'Simulation']"
Super Lesbian Animal RPG,2022-12-20,"['Indie', 'RPG']"
Osmos,2009-08-18,"['Puzzle', 'Casual', 'Arcade', 'Simulation', 'Indie']"
Disney Princess: Enchanted Journey,2007-10-30,['Adventure']
Our Secret Below,,"['Indie', 'Adventure']"
Borderlands 3,2019-09-13,"['Shooter', 'Adventure', 'Action', 'RPG']"
Seek Girl Ⅳ,2020-01-09,"['Adventure', 'Action', 'RPG', 'Casual', 'Strategy', 'Indie']"
NightSky,2011-01-06,"['Action', 'Puzzle', 'Casual', 'Strategy', 'Indie']"
Farming Simulator 15,2014-10-30,"['Strategy', 'Simulation']"
Last Dream,2014-03-13,"['Indie', 'RPG']"
Agent Awesome,2015-02-17,"['Strategy', 'Puzzle']"
Basement,2015-04-30,"['Strategy', 'Indie', 'Simulation']"
Stormbound,2017-09-18,"['Card', 'Strategy']"
CATGIRL LOVER 2,2019-10-02,"['Casual', 'Indie', 'Adventure', 'RPG']"
Bus Simulator 18,2018-06-13,['Simulation']
Skyreach,2016-04-29,"['Casual', 'Racing', 'Indie']"
Beyond Magic,2017-02-20,"['Casual', 'Indie', 'Adventure', 'RPG']"
Zombie Parking,2016-04-14,"['Indie', 'Action']"
Mini Airways: Prologue,2024-05-13,['Simulation']
Chicken Farm 2K17,,"['Casual', 'Strategy', 'Indie', 'Simulation']"
Heroes of the Three Kingdoms,2020-11-12,"['Strategy', 'Action', 'RPG', 'Simulation']"
Hexcells Infinite,2014-09-01,"['Casual', 'Strategy', 'Indie']"
Chess Knight 2,2016-09-11,"['Casual', 'Strategy']"
Subnautica: Below Zero,2021-05-14,"['Indie', 'Adventure']"
Night Stones,2024-11-11,"['Adventure', 'RPG']"
Cthulhu Saves the World,2011-07-13,"['Indie', 'Adventure', 'RPG']"
Nanofights,2014-12-11,['Indie']
Catmouth Island,2014-07-07,"['Casual', 'Indie', 'Adventure']"
Timore Inferno,2016-06-02,"['Indie', 'Action']"
Alien Shooter 2: Conscription,2010-07-03,"['Indie', 'Arcade', 'Action', 'RPG']"
Valiant Hearts: The Great War,2014-06-24,"['Adventure', 'Puzzle']"
Castle Story,2012-09-21,"['Adventure', 'Casual', 'Strategy', 'Simulation', 'Indie']"
Cosmophony,2014-09-24,"['Indie', 'Shooter', 'Arcade', 'Action']"
Love at First Sight,2015-05-18,['Indie']
Conrad Stevenson's Paranormal P.I.,2023-09-28,"['Casual', 'Indie', 'Simulation']"
FlatOut 2,2006-06-29,"['Racing', 'Arcade']"
Cry of Fear,2012-02-22,"['Indie', 'Adventure', 'Action']"
Art of War: Red Tides,2016-12-22,"['Strategy', 'Indie']"
Hatsune Miku VR,2019-12-06,[]
A Hat in Time,2017-10-05,"['Platformer', 'Action']"
Path of Exile,2013-10-23,"['Indie', 'Massively Multiplayer', 'Action', 'RPG']"
TDP5 Arena 3D,2015-03-26,"['Massively Multiplayer', 'Action']"
Company of Heroes: Opposing Fronts,2007-09-24,"['Strategy', 'Action']"
Cities in Motion,2011-02-22,"['Strategy', 'Simulation']"
The Crew 2,2018-06-29,"['Racing', 'Massively Multiplayer', 'Action']"
Godus,2013-09-13,"['Strategy', 'Indie', 'Simulation']"
Serum (itch),2016-05-20,['Action']
American Theft 80s,2022-06-15,"['Indie', 'Adventure', 'Action', 'Simulation']"
Death Rally (Classic),1996-09-06,"['Racing', 'Arcade']"
Silent Hunter V: Battle of the Atlantic,2010-03-02,"['Strategy', 'Action', 'Simulation']"
Sledders,2023-12-05,"['Racing', 'Simulation', 'Sports']"
The Pirate: Caribbean Hunt,2016-06-04,"['Adventure', 'Action', 'Strategy', 'Simulation', 'Indie']"
Has-Been Heroes,2017-03-27,"['Strategy', 'Indie', 'Action', 'RPG']"
Planet R-12,2016-05-05,"['Indie', 'Strategy', 'Adventure', 'Action']"
Ape Out,2019-02-28,"['Indie', 'Action']"
Veteran Combat,2015-02-16,"['Casual', 'Action']"
Time Space Rebuild,2025-05-19,"['Adventure', 'RPG', 'Strategy', 'Simulation', 'Indie']"
神都不良探 Underdog Detective,2022-04-27,"['Adventure', 'RPG', 'Strategy', 'Simulation', 'Indie']"
GeneRally 2,2023-05-30,"['Racing', 'Indie', 'Sports']"
Airborne Empire,2025-01-13,"['Adventure', 'Action', 'RPG', 'Casual', 'Strategy', 'Simulation', 'Indie']"
Wizordum,2025-04-29,"['Shooter', 'Indie', 'Action']"
Touhou Danmaku Kagura Phantasia Lost,2024-02-07,"['Casual', 'Indie', 'Adventure', 'Action']"
Pathfinder Adventures,2016-04-27,"['Card', 'Strategy', 'Board Games', 'RPG']"
Raise Your Own Clone,2016-09-06,"['Casual', 'Adventure']"
Project CARS - Pagani Edition,2016-10-28,"['Racing', 'Simulation', 'Sports']"
One More Dungeon,2015-11-23,"['Indie', 'Action', 'RPG']"
Realm Revolutions,2018-01-05,[]
Big Helmet Heroes,2025-02-06,"['Casual', 'Indie', 'Adventure', 'Action']"
Lethal RPG: War,2015-07-17,"['Indie', 'RPG']"
Nightingale,,"['Shooter', 'Adventure', 'Action', 'RPG']"
Our Darker Purpose,2014-01-29,"['Indie', 'Action', 'RPG']"
Shakes and Fidget,2016-02-24,"['Adventure', 'RPG', 'Casual', 'Strategy', 'Indie', 'Massively Multiplayer']"
Fallout 3,2008-10-28,"['Shooter', 'RPG']"
See No Evil,2014-08-25,"['Racing', 'Adventure', 'Action', 'RPG', 'Casual', 'Strategy', 'Simulation', 'Sports', 'Indie']"
Patron,2021-08-09,"['Strategy', 'Simulation']"
Runaway 3: A Twist of Fate,2009-04-20,"['Adventure', 'Action']"
The Signal From Tolva,2017-03-12,"['Shooter', 'Adventure']"
Ever Forward Prologue,2020-05-28,"['Casual', 'Indie', 'Strategy', 'Adventure']"
FAR: Changing Tides,2022-03-01,"['Indie', 'Adventure', 'Action']"
Midnight's Blessing,2015-05-25,"['Casual', 'Indie', 'Adventure', 'RPG']"
异变战区 E.E.R.I.E,2021-05-28,"['Indie', 'Adventure', 'Action', 'RPG']"
Medieval Kingdom Wars,2017-06-09,"['Strategy', 'Indie', 'Simulation']"
Armikrog,2015-09-29,"['Indie', 'Adventure', 'Puzzle']"
Idol Hands,2015-02-18,"['RPG', 'Casual', 'Strategy', 'Simulation', 'Indie']"
Darksiders Warmastered Edition,2016-11-29,"['Action', 'RPG']"
Mini-Dead,2018-05-04,"['Indie', 'Action']"
ARRIVAL: ZERO EARTH,2022-10-11,"['Indie', 'Action']"
Martial Arts Brutality,2017-08-23,"['Card', 'Strategy', 'Indie']"
Orwell's Animal Farm,2020-12-09,"['Strategy', 'Adventure', 'Simulation']"
Call of Duty: Vanguard,2021-11-05,['Shooter']
GRANDIA II HD Remaster,2015-08-24,"['Strategy', 'Adventure', 'Action', 'RPG']"
F1 2016,2016-08-18,"['Racing', 'Sports']"
Exoprimal,2023-07-14,"['Shooter', 'Action']"
Oxenfree,2016-01-14,"['Indie', 'Adventure', 'RPG']"
Piggy Poggy Pog,2017-11-25,"['Casual', 'Indie', 'Adventure', 'Simulation']"
selaco,2024-05-31,"['Shooter', 'Adventure', 'Action']"
Meridian 157: Chapter 3,2021-07-29,"['Casual', 'Adventure', 'Puzzle']"
A Case of Distrust,2018-02-08,"['Indie', 'Adventure', 'Puzzle']"
Resident Evil 7: Biohazard,2017-01-23,"['Shooter', 'Adventure', 'Action']"
Attack on Titan 2,2018-04-18,['Action']
Jianghu Survivor,2022-12-27,"['Adventure', 'Action', 'RPG', 'Casual', 'Strategy', 'Indie']"
Pharaoh: A New Era,2023-02-15,"['Strategy', 'Simulation']"
Ramify,2017-04-21,"['Casual', 'Indie']"
Another Try,2020-04-30,"['Massively Multiplayer', 'Adventure', 'Action', 'Indie']"
Earth 2140,2012-06-28,"['Strategy', 'Action']"
ZRoll,2017-04-17,"['Casual', 'Indie', 'Adventure', 'Action']"
King’s Bounty: Legions,2011-08-09,"['Adventure', 'RPG', 'Strategy', 'Indie', 'Massively Multiplayer']"
Holopoint,2016-04-04,"['Indie', 'Action', 'Simulation', 'Sports']"
Rogalia,2016-12-09,"['Massively Multiplayer', 'Adventure', 'RPG', 'Indie']"
Granny Remake,2023-07-19,"['Indie', 'Adventure', 'Action']"
Mutant Mudds Deluxe,2013-06-13,"['Indie', 'Action']"
Geometry Dash,2013-08-13,"['Casual', 'Indie', 'Arcade']"
Intruder,,"['Indie', 'Action', 'Simulation']"
Bless Online,,"['Massively Multiplayer', 'Adventure', 'Action', 'RPG']"
Eron,2015-03-17,['Indie']
Scania Truck Driving Simulator,2014-02-27,"['Indie', 'Simulation']"
FlatOut 4: Total Insanity,2017-03-17,['Racing']
LOOPERS,2023-06-26,"['Casual', 'Adventure', 'Simulation']"
Space Trader: Merchant Marine,2008-10-22,"['Strategy', 'Indie', 'Action']"
Nick,2013-02-21,"['Indie', 'Strategy', 'Family', 'Action']"
Outcast - Second Contact,2017-11-13,"['Adventure', 'Action']"
Agarest: Generations of War,2009-10-30,"['Strategy', 'Adventure', 'RPG']"
GTFO,2021-12-09,"['Adventure', 'Action']"
Arcfall,2017-05-16,"['Massively Multiplayer', 'RPG']"
Yakuza 5 Remastered,2020-02-11,['Action']
Bob Came in Pieces,2009-12-21,"['Indie', 'Adventure']"
SAMURAI WARRIORS 4-II,2015-02-11,['Action']
Algotica - Iteration 1,2017-03-23,"['Indie', 'Adventure']"
Glass Masquerade 2: Illusions,2018-11-30,"['Casual', 'Indie']"
Total War Saga: TROY,2021-09-02,"['Strategy', 'Action', 'Simulation']"
Wauies - The Pet Shop Game,2018-01-10,"['Casual', 'Simulation']"
CATO: Buttered Cat,2024-09-05,"['Casual', 'Indie', 'Adventure']"
Quasimorph,2023-10-01,"['Strategy', 'Indie', 'RPG', 'Simulation']"
Flora,,"['Indie', 'Strategy', 'Adventure', 'RPG']"
Vikings - Wolves of Midgard,2017-03-23,"['Action', 'RPG']"
Caravaneer 2,,[]
Trucks & Trailers,2014-06-04,"['Indie', 'Simulation']"
Strike Suit Infinity,2013-04-30,"['Indie', 'Action']"
Trainz Railroad Simulator 2022,,['Simulation']
Rogue Stormers,2016-04-21,"['Indie', 'Action']"
Osiris: New Dawn,2016-09-28,"['Indie', 'Adventure', 'Action', 'RPG']"
Shiren The Wanderer: The Tower of Fortune and the Dice of Fate,2012-06-04,['RPG']
Hyperspace Invaders II: Pixel Edition,2015-09-04,"['Indie', 'Action']"
Luxor 3,2007-12-25,['Casual']
Final Fantasy XVI,2023-06-22,"['Action', 'RPG']"
!AnyWay!,2018-06-06,"['Indie', 'Adventure']"
Day of Infamy,2017-03-23,"['Shooter', 'Indie', 'Action']"
Boyfriend Dungeon,2021-08-11,"['Indie', 'Simulation']"
Four Last Things,2017-02-22,"['Indie', 'Adventure', 'Puzzle']"
Umineko When They Cry - Question Arcs,2016-07-07,[]
Gnomes and Knights,2024-10-03,"['Adventure', 'Action', 'RPG', 'Simulation', 'Indie']"
Dead Island 2,2023-04-21,"['Adventure', 'Action']"
Tomorrow won't come for those without ██████,2020-02-29,"['Indie', 'Adventure', 'RPG', 'Puzzle']"
Corgi Warlock,2015-12-03,"['Indie', 'Adventure', 'Action']"
Project Rhombus,,"['Casual', 'Indie']"
Fly Simulator,2017-07-14,"['Indie', 'Action', 'Simulation']"
Football Manager 2020,2019-11-11,"['Simulation', 'Sports']"
Aurora Trail,2018-01-08,"['Strategy', 'Indie', 'RPG']"
Tabletopia,2016-11-30,"['RPG', 'Casual', 'Strategy', 'Simulation', 'Indie', 'Board Games']"
Adventure Time: Finn and Jake's Epic Quest,2014-04-11,"['Adventure', 'Action']"
Metallic Child,2021-09-15,"['Indie', 'Action']"
Line war (itch),2021-01-24,['Strategy']
Space Quest Collection,2009-07-23,['Adventure']
Wildfire,2020-05-26,"['Indie', 'Strategy', 'Adventure', 'Action']"
The Legend of Heroes: Trails through Daybreak,2024-07-04,[]
Command & Conquer: Red Alert 3 - Uprising,2009-03-12,['Strategy']
Tiny Tales: Heart of the Forest,2017-07-19,"['Casual', 'Adventure', 'Puzzle']"
Chronicles of Teddy,2015-04-02,"['Indie', 'Adventure', 'Action', 'RPG']"
Before Your Eyes,2021-04-07,"['Indie', 'Adventure']"
PAC-MAN WORLD Re-PAC,2022-08-26,"['Racing', 'Adventure', 'Action']"
Loot Hero DX,2015-07-03,"['Adventure', 'Action', 'RPG', 'Casual', 'Arcade', 'Indie']"
Asterix and Obelix XXL 3 - The Crystal Menhir,2019-11-20,"['Adventure', 'Action']"
Tyto Ecology,2016-04-14,"['Casual', 'Strategy', 'Indie', 'Simulation']"
Drova - Forsaken Kin,2024-10-14,"['Indie', 'Adventure', 'Action', 'RPG']"
Pan'orama,2023-05-09,"['Casual', 'Strategy', 'Indie', 'Simulation']"
Coin Push RPG,2025-05-22,"['Casual', 'Strategy', 'Indie', 'RPG']"
FlatOut,2004-11-05,"['Racing', 'Arcade']"
Tchia,2023-03-21,"['Adventure', 'Action']"
Resident Evil Revelations 2,2015-02-24,"['Adventure', 'Action']"
Tomba! Special Edition,2024-07-31,['Action']
pureya,2021-03-26,"['Casual', 'Indie', 'Action']"
Tinyfolks,2022-05-25,"['Indie', 'Strategy', 'Adventure', 'RPG']"
Wolfenstein 3D,1992-05-05,"['Shooter', 'Action']"
Wailing Heights,2016-04-27,"['Indie', 'Adventure']"
Military Conflict: Vietnam,2022-12-16,['Action']
MiSide,2024-12-10,"['Indie', 'Adventure', 'RPG', 'Simulation']"
Streets of Red: Devil's Dare Deluxe,2019-02-21,"['Indie', 'Action']"
Slaughter Horse 2,2022-08-31,"['Casual', 'Strategy', 'Indie', 'RPG']"
DreadOut 2,2020-02-21,"['Adventure', 'Action']"
CRSED,2020-12-04,['Action']
Signs of Life,2014-01-27,"['Adventure', 'Action', 'RPG', 'Casual', 'Indie']"
Epitasis,2019-05-01,"['Indie', 'Adventure', 'Action']"
The World is Your Weapon,2019-06-27,"['Indie', 'Action', 'RPG']"
ScooterFlow,2021-11-29,"['Casual', 'Indie', 'Simulation', 'Sports']"
Prodigal,2020-10-15,"['Casual', 'Indie', 'Adventure']"
Cave Crawler,2022-01-23,"['Casual', 'Indie', 'Adventure', 'Action']"
Stigmatized Property | 事故物件,,"['Casual', 'Indie', 'Adventure', 'Simulation']"
Bendy and the Ink Machine,2017-02-09,"['Indie', 'Adventure', 'Action', 'Puzzle']"
FRACT OSC,2014-04-21,"['Indie', 'Adventure', 'Puzzle']"
Chinese Driving Test Simulator,2021-12-31,"['Casual', 'Racing', 'Indie', 'Simulation']"
Sky Gamblers: Storm Raiders,2012-11-29,"['Arcade', 'Simulation']"
Story Of the Survivor,2016-02-16,"['Adventure', 'Action', 'RPG', 'Simulation', 'Indie']"
AER - Memories of Old,2017-10-25,"['Indie', 'Adventure', 'Action']"
Word Factori,2023-08-03,"['Strategy', 'Simulation']"
Outward Definitive Edition,2019-03-25,"['Adventure', 'Action']"
Chroma Squad,2015-04-29,"['Strategy', 'Indie', 'RPG']"
Attack Of Insects,2017-09-12,"['Indie', 'Adventure', 'Action']"
Silent Tweets,2018-03-05,"['Casual', 'Indie']"
Doom & Destiny Advanced,2015-08-03,"['Indie', 'Adventure', 'RPG']"
Gordian Quest,2022-06-23,"['Adventure', 'RPG', 'Strategy', 'Card', 'Indie']"
Engare,,['Indie']
Master of Magic,1994-09-01,"['Strategy', 'Indie', 'RPG']"
Solarium,2017-07-26,"['Adventure', 'Simulation']"
Fire and Maneuver,2022-07-15,"['Strategy', 'Indie']"
Always The Same Blue Sky...,2015-05-21,"['Casual', 'Indie', 'Adventure']"
Amulet of Dreams,2016-06-03,"['Casual', 'Indie', 'Adventure']"
The Stalin Subway,2005-09-29,['Shooter']
Sonic Origins,2022-06-23,"['Casual', 'Platformer', 'Adventure', 'Action']"
Chronicles of a Dark Lord: Episode 1 Tides of Fate Complete,2014-12-19,"['Indie', 'RPG']"
Alien Shooter: Revisited,2009-04-15,"['Indie', 'Action', 'RPG']"
SHOWTIME 2073,2016-02-12,"['Indie', 'Action']"
Hurricane,2017-03-06,"['Racing', 'Adventure', 'Action', 'RPG', 'Indie', 'Massively Multiplayer']"
Archon Classic,2010-04-09,"['Strategy', 'Indie']"
Liveza: Death of the Earth,2016-05-03,"['Indie', 'Platformer', 'Adventure']"
Hyperdimension Neptunia Re ; Birth2 Sisters Generation,2015-01-27,"['Adventure', 'RPG', 'Fighting']"
Quantum League - Free Open Beta,2020-02-21,"['Strategy', 'Action', 'Sports']"
Hi-Fi Rush,2023-01-25,"['Adventure', 'Action']"
Crypto Miner Tycoon Simulator Starter Edition,2023-04-24,['Simulation']
Star Traders: 4X Empires,2014-06-19,"['Strategy', 'Indie', 'RPG', 'Simulation']"
Escape First 2,2019-06-12,"['Casual', 'Indie', 'Adventure']"
Touhou Kouryudou ~ Unconnected Marketeers.,2021-05-03,"['Indie', 'Action']"
Snail Bob 2: Tiny Troubles,2015-09-24,"['Casual', 'Indie', 'Adventure']"
AMPLITUDE: A Visual Novel,2016-01-31,"['Casual', 'Strategy', 'Indie', 'Simulation']"
WARRIORS OROCHI 3 Ultimate Definitive Edition,2022-07-12,"['Strategy', 'Action']"
ACE Academy,2016-08-22,"['Adventure', 'Action', 'RPG', 'Simulation', 'Sports', 'Indie']"
Air Conflicts: Vietnam,2013-09-12,"['Shooter', 'Action', 'Simulation']"
Tokyo Xanadu eX+,2017-12-07,"['Action', 'RPG']"
Party Club,2025-03-17,"['Casual', 'Action', 'Simulation']"
Orbox C,2016-12-28,['Indie']
Kristala,2024-06-06,"['Indie', 'Adventure', 'Action', 'RPG']"
WEED,2017-12-08,"['Casual', 'Indie']"
Roundguard,2020-03-13,"['Action', 'RPG', 'Casual', 'Strategy', 'Indie']"
Stranded: Alien Dawn,2022-10-12,"['Strategy', 'Simulation']"
Bionic Commando: Rearmed,2008-08-14,"['Arcade', 'Adventure', 'Action']"
Beach Bounce,2015-08-14,"['Casual', 'Indie', 'Adventure']"
Seconds to Square,2017-08-21,"['Indie', 'Action']"
Infection Free Zone,2024-04-11,"['Strategy', 'Indie', 'Action', 'Simulation']"
The Last Spell,2023-03-08,"['Strategy', 'Indie', 'Action', 'RPG']"
Punch A Bunch (itch),2021-01-22,"['Action', 'Fighting']"
Arson and Plunder: Unleashed,2015-09-25,"['Indie', 'Action']"
WolfPack,1993-01-01,['Simulation']
Fight Angel Special Edition,2019-12-20,"['Indie', 'Action']"
D-Corp,2021-01-20,"['Casual', 'Indie', 'Action']"
Fight'N Rage,2017-09-18,"['Indie', 'Action']"
HoPiKo,2015-09-24,"['Casual', 'Indie', 'Arcade', 'Action']"
The Ship: Single Player,2006-11-20,"['Indie', 'Action', 'RPG']"
Worms Revolution,2012-10-09,"['Strategy', 'Simulation']"
Power War:The First Men,,"['Indie', 'Massively Multiplayer', 'Action']"
Hatsune Miku: Project DIVA Mega Mix+,2022-05-26,"['Arcade', 'Action']"
Kebab Simulator: Prologue,2023-07-17,"['Casual', 'Indie', 'RPG', 'Simulation']"
The Wanderer: Frankenstein’s Creature,,"['Casual', 'Indie', 'Adventure']"
Primordia,2012-12-04,"['Indie', 'Adventure', 'RPG']"
Vilmonic,2016-06-15,"['Adventure', 'RPG', 'Casual', 'Strategy', 'Simulation', 'Indie']"
Super Sanctum TD,2013-05-09,"['Casual', 'Strategy', 'Indie', 'Action']"
Inertia,2017-08-22,"['Casual', 'Indie', 'Action']"
99 Levels To Hell,2013-02-25,"['Shooter', 'Action', 'Arcade', 'Platformer', 'Indie']"
Punch Club,2016-01-07,"['RPG', 'Fighting', 'Strategy', 'Simulation', 'Sports', 'Indie']"
Gaia,2020-03-03,"['Adventure', 'Action', 'Simulation']"
Streets of Fury EX,2015-06-25,"['Indie', 'Action']"
Melissa K. and the Heart of Gold Collector's Edition,2014-09-19,"['Casual', 'Indie', 'Adventure']"
Eleusis,2013-10-16,"['Indie', 'Adventure']"
My Night Job,2016-04-21,"['Indie', 'Action']"
Touhou Genso Wanderer -Lotus Labyrinth R,2021-05-25,"['Indie', 'Adventure', 'RPG']"
John Wick Hex,2019-10-08,"['Strategy', 'Action']"
Romance of the Three Kingdoms XIII,2016-01-27,['Simulation']
Raiden V: Director's Cut,2017-10-05,"['Shooter', 'Action']"
Found,2016-09-14,"['Casual', 'Indie', 'Adventure']"
PRODUCER (2021) - Demo,2021-07-08,['Adventure']
Golf With Your Friends,2016-01-29,"['Casual', 'Indie', 'Sports']"
Visions of Mana,2024-08-29,"['Adventure', 'Action', 'RPG']"
Congo,2016-03-21,"['Indie', 'Action']"
As Dusk Falls,2022-07-18,['Adventure']
Deep Sky Derelicts,2018-09-26,"['Strategy', 'Indie', 'Action', 'RPG']"
The Pegasus Expedition,2022-10-20,"['Strategy', 'Indie']"
Skull & Bones,2024-02-16,"['Massively Multiplayer', 'Adventure', 'Action']"
Ascension to the Throne: Valkyrie,2008-08-29,"['Strategy', 'Adventure', 'RPG']"
Panzer Paladin,2020-07-21,"['Adventure', 'Action']"
THE WAYLANDERS,2022-02-02,"['Indie', 'Adventure', 'Action', 'RPG']"
Star Saviors,2016-05-06,"['Racing', 'Adventure', 'Action', 'RPG', 'Casual', 'Strategy', 'Simulation', 'Sports', 'Indie']"
Super Bomberman R,2017-03-03,"['Arcade', 'Action']"
Sid Meier's Colonization (Classic),2014-10-09,"['Adventure', 'Simulation']"
Gray Matter,2011-02-21,"['Casual', 'Adventure']"
Apostle: Rebellion,2022-07-29,"['Indie', 'Adventure', 'RPG']"
Dead Town Tales,2023-05-25,['Indie']
Cattails: Wildwood Story,2023-10-20,"['Indie', 'RPG', 'Simulation']"
Overland,2019-09-18,"['Strategy', 'Indie']"
World War 2: Time of Wrath,2014-06-06,"['Strategy', 'Indie']"
NEStalgia,2014-04-15,"['Indie', 'Massively Multiplayer', 'RPG']"
Atomic Reconstruction,2016-12-18,"['Casual', 'Indie']"
Startup Panic,2018-09-29,"['Casual', 'Strategy', 'Indie', 'Simulation']"
Serious Sam: The First Encounter,2001-03-21,"['Shooter', 'Indie', 'Action']"
Alien Shooter TD,2016-09-07,"['Strategy', 'Indie', 'Action']"
Shadow Man Remastered,2021-04-15,"['Adventure', 'Action']"
Travellers Rest,2020-07-27,"['Adventure', 'RPG', 'Casual', 'Simulation', 'Indie']"
Silence,2016-11-15,"['Indie', 'Adventure', 'Action']"
Frozen Flame,2022-11-01,"['Indie', 'Massively Multiplayer', 'RPG']"
Tennis Elbow 2013,2015-03-13,"['Simulation', 'Sports']"
Lydia,2017-06-02,['Adventure']
Magical Diary: Horse Hall,2012-05-31,"['Indie', 'Adventure', 'RPG']"
Neverwinter,2013-06-20,"['Massively Multiplayer', 'Action', 'RPG']"
Dragonia,2017-05-29,"['Action', 'RPG']"
Forge of Gods (RPG),2016-05-06,"['Strategy', 'Massively Multiplayer', 'RPG']"
Emerge: Cities of the Apocalypse,2016-02-27,"['Strategy', 'Indie', 'Action']"
The Defenders: The Second Wave,2015-03-30,"['Strategy', 'Action']"
Citizens of Earth,2015-01-20,['RPG']
Tales of Arise,2021-09-10,"['Action', 'RPG']"
7 Billion Humans,2018-08-22,"['Educational', 'Indie', 'Simulation', 'Puzzle']"
Quest for Infamy,2014-07-09,"['Indie', 'Adventure', 'RPG']"
Climbey,2016-10-25,"['Racing', 'Simulation']"
Puzzle Bots,2010-10-22,"['Indie', 'Adventure']"
CropDuster Supreme,2017-02-23,"['Casual', 'Indie', 'Action']"
Ampersand,2015-10-19,"['Racing', 'Indie']"
Schedule I,2025-03-24,"['Strategy', 'Indie', 'Action', 'Simulation']"
IRON REBELLION,,"['Indie', 'Action']"
Alien attack,2018-03-15,['Shooter']
Nihilist Simulator,,"['Casual', 'Indie', 'Adventure', 'Simulation']"
Hyper Light Breaker,,"['Indie', 'Adventure', 'Action', 'RPG']"
AZURA,2017-10-18,"['Adventure', 'RPG', 'Casual', 'Strategy', 'Indie']"
Monster Puzzle,2016-12-08,"['Casual', 'Indie', 'Action']"
Soccer Manager 2018,2017-11-03,"['Simulation', 'Sports']"
Tangle Tower,2019-10-21,"['Indie', 'Adventure', 'Puzzle']"
Combat Arms: the Classic,2020-07-14,"['Adventure', 'Action']"
Death Trash,2021-08-05,"['Indie', 'Adventure', 'Action', 'RPG']"
Weird RPG,2022-09-30,"['Adventure', 'Action', 'RPG']"
NOKORI,2022-04-25,[]
Megaquarium,2018-09-12,"['Strategy', 'Indie', 'Simulation']"
Disciples II: Gallean's Return,2006-07-06,['Strategy']
Will Glow the Wisp,2017-09-12,"['Indie', 'Action']"
Zombie City Defense 2,2016-08-19,"['Strategy', 'Indie', 'Action', 'Simulation']"
Escape the Backrooms,2022-08-11,['Indie']
Finding Paradise,2017-12-14,"['Indie', 'Adventure', 'RPG']"
QUICKERFLAK,2022-01-12,"['Casual', 'Indie', 'Adventure', 'Action']"
Truffle Saga,2014-06-06,"['Casual', 'Indie', 'Adventure', 'Action']"
Lara Croft GO,2015-08-27,"['Adventure', 'Puzzle']"
Pathologic Classic HD,2015-10-28,"['Indie', 'Adventure', 'Action', 'RPG']"
Call of the Wild: The Angler,2022-08-31,"['Adventure', 'Action', 'Casual', 'Simulation', 'Sports']"
Tron 2.0,2003-08-21,['Action']
Vengeance,2016-04-29,"['Strategy', 'Indie', 'Action']"
Taxi Life: A City Driving Simulator,2024-03-07,['Simulation']
Post Trauma,2025-04-22,"['Indie', 'Adventure']"
Project Heartbeat,2020-03-26,['Indie']
Ratropolis,2021-09-15,"['Casual', 'Strategy', 'Simulation', 'Card', 'Indie']"
Planet Stronghold,2014-05-05,"['Strategy', 'Indie', 'RPG']"
Diablo IV,2023-06-06,"['Action', 'RPG']"
X-Blades,2007-11-23,"['Adventure', 'Action']"
Dead Effect 2,2015-10-28,"['Shooter', 'Action', 'RPG', 'Arcade', 'Indie']"
Sid Meier’s Ace Patrol: Pacific Skies,2013-11-05,"['Casual', 'Strategy', 'Board Games']"
Ghostlore,2022-04-14,"['Indie', 'Action', 'RPG']"
Angel at Dusk,2024-01-12,"['Indie', 'Action']"
The Brew Barons,2024-03-01,"['Casual', 'Action', 'RPG', 'Simulation']"
Farm Manager 2021: Prologue,2021-01-14,"['Strategy', 'Indie', 'Simulation']"
Sons of Valhalla,2024-04-05,"['Strategy', 'Action', 'RPG', 'Simulation']"
Detective Girl of the Steam City,2019-07-18,"['Indie', 'RPG']"
Thirty Flights of Loving,2012-08-20,"['Casual', 'Indie', 'Adventure']"
Dear RED - Extended,2016-04-12,"['Indie', 'RPG']"
Dominions 6 - Rise of the Pantokrator,2024-01-17,['Strategy']
KINGDOMS,2015-10-23,"['Adventure', 'Action', 'RPG', 'Simulation', 'Indie']"
Might & Magic: Heroes VI,2011-10-13,"['Strategy', 'RPG']"
My Little Life,2025-01-31,"['Casual', 'Indie', 'RPG', 'Simulation']"
Candy Machine,2017-01-26,"['Casual', 'Strategy', 'Indie', 'Simulation']"
The Cat Lady,2012-12-01,"['Indie', 'Adventure']"
rFactor 2,2015-11-12,"['Racing', 'Simulation', 'Sports']"
IXION,2022-12-06,"['Strategy', 'Indie', 'Simulation']"
Grand Theft Auto V,2013-09-17,['Action']
Lords of the Black Sun,2014-09-12,"['Strategy', 'Indie']"
Pandemic Express,2019-05-02,"['Indie', 'Massively Multiplayer', 'Action']"
Atelier Rorona The Alchemist of Arland DX,2018-12-04,"['Adventure', 'RPG']"
Potion Tycoon,2023-03-13,"['Strategy', 'Simulation']"
Hunting Unlimited 2010,2009-07-07,"['Simulation', 'Sports']"
DESYNC,2017-02-28,"['Indie', 'Action']"
Last Hope - Tower Defense,2016-04-13,"['Indie', 'Strategy', 'Adventure']"
Stigmata of Sacrilege,2023-04-14,"['Casual', 'Indie', 'RPG']"
Rocket Valley Tycoon,2018-06-01,"['Casual', 'Strategy', 'Indie', 'Simulation']"
The Divergent Series: Allegiant VR,2016-03-17,"['Casual', 'Adventure']"
Sentinel 3: Homeworld,2010-11-26,"['Strategy', 'Indie', 'Action']"
Sammy's Cultivation,2021-07-04,"['Platformer', 'Adventure', 'Puzzle']"
Water Bears VR,2016-02-01,"['Casual', 'Indie']"
New kind of adventure,2015-06-04,"['Indie', 'Adventure', 'RPG']"
Odallus: The Dark Call,2015-07-14,"['Indie', 'Adventure', 'Action']"
Steel Assault,2021-09-28,['Action']
Judge Dredd: Dredd vs. Death,2003-10-17,"['Shooter', 'Action']"
Wickland,2015-02-06,"['Indie', 'Action']"
The Turing Test,2016-08-30,['Adventure']
Statues,2015-10-27,"['Indie', 'Adventure', 'Action']"
Alfred Hitchcock – Vertigo,2021-12-16,['Adventure']
重明鸟 Bright Bird,,"['Indie', 'Adventure', 'RPG']"
Ghost 1.0,2016-06-06,"['Indie', 'Adventure', 'Action']"
Haven Park,2021-08-04,"['Indie', 'Adventure', 'RPG']"
Cyberdimension Neptunia: 4 Goddesses Online,2017-10-24,"['Action', 'RPG']"
Glacier 3: The Meltdown,2014-01-23,"['Racing', 'Action']"
Scions of Fate,,"['Massively Multiplayer', 'RPG']"
Tinykin,2022-08-29,"['Indie', 'Adventure', 'Action']"
Blood of Steel,2020-01-09,"['Strategy', 'Massively Multiplayer', 'Action']"
Raging Loop,2019-10-22,"['Indie', 'Adventure']"
Onyx,2017-04-21,"['Adventure', 'RPG', 'Casual', 'Simulation', 'Indie']"
Just Shapes & Beats,2018-05-31,"['Family', 'Indie', 'Arcade', 'Action']"
Immortality,2022-08-29,"['Casual', 'Indie', 'Adventure', 'Simulation']"
Hollow Cocoon,2023-12-06,"['Indie', 'Adventure']"
Turbo Pug DX,2016-09-26,"['Casual', 'Indie']"
FatSheep Crisis,2023-05-04,"['Action', 'RPG', 'Casual', 'Strategy', 'Indie']"
Cultist Simulator,2018-05-31,"['Card', 'Indie', 'RPG', 'Simulation']"
Rescue HQ - The Tycoon,2019-05-27,"['Casual', 'Strategy', 'Indie', 'Simulation']"
CrocoMars,2018-03-05,"['Adventure', 'Action', 'Strategy', 'Simulation', 'Indie']"
1775: Rebellion,2016-09-29,"['Strategy', 'Board Games']"
Star Drifter,2016-06-01,"['Casual', 'Indie', 'Action']"
Relik,,"['Strategy', 'Indie']"
Thimbleweed Park,2017-03-29,"['Indie', 'Adventure', 'Puzzle']"
Rustler: Prologue,2020-04-09,"['Racing', 'Indie', 'Action', 'RPG']"
Dungeon Siege 3,2011-05-31,"['Action', 'RPG']"
Car Detailing Simulator: Prologue,2021-11-15,"['Indie', 'Simulation']"
Tattletail,2016-12-28,"['Indie', 'Action']"
The Fermi Paradox,2021-06-30,"['Strategy', 'Indie', 'Simulation']"
Santa's Big Adventures,2016-12-19,"['Casual', 'Indie', 'Action']"
Platypus 2,2007-02-01,"['Arcade', 'Action']"
Path of Achra,2022-08-17,['RPG']
Pavlov VR,2017-02-27,"['Indie', 'Action']"
4D Minesweeper,2018-02-14,"['Casual', 'Indie']"
Carry The Glass,2024-10-23,"['Casual', 'Indie', 'Adventure', 'Simulation']"
Prime of Flames,2022-08-22,"['Indie', 'Strategy', 'Adventure', 'RPG']"
Destroy All Humans!,2005-05-26,"['Adventure', 'Action']"
Planetary Annihilation: TITANS,2015-08-18,['Strategy']
The Lord of the Rings: Adventure Card Game,2019-11-05,"['Card', 'Adventure']"
ShapeHero Factory,2024-11-05,"['Casual', 'Indie', 'Simulation']"
The spy who shot me,2018-10-01,"['Indie', 'Adventure', 'Action']"
Shadowrun: Dragonfall - Director's Cut,2014-09-17,"['Indie', 'Strategy', 'Adventure', 'RPG']"
Eco,1988-01-01,[]
URBAN TRIAL FREESTYLE,2013-02-12,"['Racing', 'Action', 'Simulation', 'Sports']"
Assassin's Creed: Director's Cut Edition,2008-04-09,"['Adventure', 'Action']"
Dungeons Forever,2018-02-05,"['Indie', 'Action']"
Catherine: Full Body,2019-09-03,"['Adventure', 'Action', 'RPG', 'Puzzle']"
GRID Legends,2022-02-25,"['Racing', 'Action', 'Sports']"
FOCUS on YOU,2019-07-16,['Adventure']
Rune Factory 4 Special,2020-02-25,['RPG']
Into The War,2015-12-02,"['Indie', 'Action']"
Little Noah: Scion of Paradise,2022-06-28,"['Casual', 'Platformer', 'Action', 'RPG']"
Trackmania² Lagoon,2017-05-23,"['Racing', 'Sports']"
WarBox (itch),2020-06-19,"['Shooter', 'Simulation', 'Fighting']"
One Wish,2018-06-06,"['Indie', 'Adventure']"
Air Brawl,2015-11-05,"['Indie', 'Action']"
A Space for the Unbound,2023-01-19,"['Indie', 'Adventure']"
G2 Fighter,,"['Indie', 'Adventure', 'Action', 'RPG']"
True or False,2016-09-16,"['Casual', 'Indie']"
Blocky Dungeon (itch),2017-09-13,['RPG']
Tavern of Gods,2020-12-03,"['Adventure', 'Action', 'RPG', 'Casual', 'Strategy', 'Simulation', 'Indie']"
Outlaws of the Old West,2019-02-19,"['Adventure', 'Action', 'RPG', 'Casual', 'Strategy', 'Indie', 'Massively Multiplayer']"
Crystals of Time,2014-06-13,"['Casual', 'Indie']"
Anarchy: Wolf's law,2021-11-05,"['Adventure', 'Action', 'RPG', 'Strategy', 'Indie', 'Massively Multiplayer']"
Bardbarian,2014-01-16,"['Adventure', 'Action', 'RPG', 'Casual', 'Strategy', 'Indie']"
Masks Of Deception,2022-06-17,"['Casual', 'Indie']"
RacetronicVR,,['Racing']
Palindrome Syndrome: Escape Room,2020-10-14,"['Indie', 'Adventure']"
Deep Dungeons of Doom,2013-06-03,"['Arcade', 'Casual', 'Adventure', 'RPG']"
Insecticide: Episode 1,2008-07-01,"['Arcade', 'Adventure', 'Action']"
Through the Woods,2016-10-26,"['Indie', 'Adventure']"
Anna's Quest,2015-07-02,"['Indie', 'Adventure', 'Puzzle']"
Island Defense,2015-07-23,"['Casual', 'Strategy', 'Indie', 'Action']"
Heroes of Hammerwatch,2018-03-01,"['Indie', 'Action', 'RPG']"
RC Cars,2002-11-14,"['Casual', 'Racing']"
The Tale of a Common Man,2016-09-02,"['Casual', 'Indie', 'Adventure', 'RPG']"
Faeria,2017-03-08,"['Card', 'Strategy', 'Massively Multiplayer', 'Indie']"
Test Drive Unlimited Solar Crown,2024-09-12,"['Racing', 'Massively Multiplayer', 'Simulation']"
ARK: Survival Of The Fittest,2016-03-15,"['Action', 'RPG', 'Strategy', 'Indie', 'Massively Multiplayer']"
Another Crab's Treasure,2024-04-25,"['Indie', 'Adventure', 'Action']"
Alien Swarm: Reactive Drop,2017-04-20,['Action']
Flat Path,2016-08-24,"['Casual', 'Indie']"
